"source_id","topic","path","status","scope","sha256","registered_on","depends_on","origin","notes","hash_basis"
"JOURNAL","Project journal","journal/D2_I95_Project_Journal.bpad","Current - bounded review","Adopted project geometry, assumptions, decisions and live journal quantities","829f5450a34c76bee03ebbce06a389de76883ccaa8007b5e9bb50b17ec83de33","2026-10-09","","workflow/accepted.json","T005 adopted geometry/source bookkeeping. C005 unchanged. Pier steel and forces remain in the separate report. Full design adequacy is open.","exact_bytes"
"GEOMETRY","Geometry notebook","Bridge_Geometry_2 Beam_V2.ipynb","Current tool","Geometry model and derived schedules","76b8e0251a12f225a83a2869caa557cd14d240f3f616f7a5cd903180da50ce63","2026-10-09","JOURNAL;ROADWAY","Repository main","Saved end-bent basis cites T004. Selected dimensions checked against T005; complete notebook/journal reconciliation remains open.","lf_text"
"ROADWAY","Roadway elevations","Geometry Report.xml","Current input","Roadway geometry input","9880ef7adeeac4228666146f5d5bb4dd17ef93f66ffeaf465a2c813eb69489e4","2026-10-09","","Repository main","","exact_bytes"
"CAP-TOOL","Cap and pile notebook","Cap_and_Pile_Design.ipynb","Current tool","Calculation engine; load a registered project case","1af14e6efa5095a973b88ced422bee1656596ec8cba4e5c6b6b31ee9796c4c74","2026-10-09","","Repository main","Tool revision is distinct from a saved design. Existing reports were not regenerated with this tool.","lf_text"
"PIER-REPORT","Pier cap report","project_current/cap_design/pier/Pier Cap Design 10-9.html","Current source","Current pier cage and recorded calculation results","806a47bb50962827f5fd3e6fdd4c42c8b41851bddd23ff3948f377fe6a48b7b2","2026-10-09","PIER-CASE;PIER-XML","tasks/T005/sources/Pier Cap Design 10-9.html","Source snapshot; open design/currency items are tracked in the coherence workbook.","exact_bytes"
"PIER-CASE","Pier saved cap case","project_current/cap_design/pier/selected_case.json","Current source","Editable case extracted from the supplied pier report","3f368f577d7269ef67cf4c0f04f89046191bacd798ce3f348c760b449f83cf2a","2026-10-09","PIER-XML","tasks/T005/sources/report-case-0.json","Source snapshot; open design/currency items are tracked in the coherence workbook.","exact_bytes"
"PIER-XML","Pier FBMP results","project_current/fbmp/pier/Pier_MinTip.XML","Current source","Exact analysis export identified by the pier report","cb094424ed16e60b16957ed84a62aea21533fb61671c58a27ca73a997eaf70e4","2026-10-09","","tasks/T005/sources/Pier_MinTip.XML","Source snapshot; open design/currency items are tracked in the coherence workbook.","exact_bytes"
"EB-REPORT","End-bent cap report","project_current/cap_design/end_bents/End bent 1 Cap Design Report_10-8.html","Current source","End Bent 1 report; common end-bent design adopted by user","42120857965352febea29e4a672b2ba93f45199430360a89f8e1e529d2df50ef","2026-10-09","EB-CASE;EB-XML","tasks/T002/sources/End bent 1 Cap Design Report_10-8.html","Source snapshot; open design/currency items are tracked in the coherence workbook.","exact_bytes"
"EB-CASE","End-bent saved cap case","project_current/cap_design/end_bents/selected_case.json","Current source","Editable case extracted from adopted end-bent report","ab2c7fff9b4a955c8964bb2c0d2c253b1b0581661c6f84d0150723cc415edec6","2026-10-09","EB-XML","tasks/T002/sources/end_bent_1_report_case.json","Source snapshot; open design/currency items are tracked in the coherence workbook.","exact_bytes"
"EB-XML","Matching end-bent FBMP export","project_current/fbmp/end_bents/End Bent 1.XML","Missing","Exact export used by EB-REPORT","739f44c1d542464cfd536493ce1ed6cb240f98a75ed3e1188c6f6812742d6fe2","2026-10-09","","tasks/T002/sources/provenance.json","The same-named Downloads file does not match the report. Do not substitute it.","exact_bytes"
"MCAD-S1","Span 1 Mathcad","project_current/mathcad/PrestressedBeamV6.2_Pedestrian_2Beam_Span1.xmcd","User-selected current","Span 1 superstructure worksheet","b514ba288a859054bae7e8556ce978bcf1c4310bc6820517759d1ed73300a76f","2026-10-09","MCAD-DAT1;PSB-S1","User-selected file: PrestressedBeamV6.2_Pedestrian_2Beam_Span1.xmcd","Selected in this chat on 9 October 2026. Native calculations have not been rerun.","exact_bytes"
"MCAD-DAT1","Span 1 Mathcad input data","project_current/mathcad/PedestrianBridge2Beam_Span1.dat","Missing","Input file named in MCAD-S1","","2026-10-09","","PrestressedBeamV6.2_Pedestrian_2Beam_Span1.xmcd","The native worksheet names this file; it was not supplied.","exact_bytes"
"PSB-S1","Span 1 PSBeam run","","Not selected","Native input, output/report and run identity for Span 1","","2026-10-09","","Requested project scope","No PSBeam run has been selected or imported. Mathcad sheets do not establish a PSBeam run identity.","exact_bytes"
"MCAD-S2","Span 2 Mathcad","project_current/mathcad/PrestressedBeamV6.2_Pedestrian_2Beam_Span2.xmcd","User-selected current","Span 2 superstructure worksheet","fa6693a473770e088665283631b099a0b61a0cabecac1f577ee9473b3569585b","2026-10-09","MCAD-DAT2;PSB-S2","User-selected file: PrestressedBeamV6.2_Pedestrian_2Beam_Span2.xmcd","Selected in this chat on 9 October 2026. Native calculations have not been rerun.","exact_bytes"
"MCAD-DAT2","Span 2 Mathcad input data","project_current/mathcad/PedestrianBridge2Beam_Span2.dat","Missing","Input file named in MCAD-S2","","2026-10-09","","PrestressedBeamV6.2_Pedestrian_2Beam_Span2.xmcd","The native worksheet names this file; it was not supplied.","exact_bytes"
"PSB-S2","Span 2 PSBeam run","","Not selected","Native input, output/report and run identity for Span 2","","2026-10-09","","Requested project scope","No PSBeam run has been selected or imported. Mathcad sheets do not establish a PSBeam run identity.","exact_bytes"
