Item ID,Status,Area,Item,Finding,Next action,Your response,Owner,Due date,Resolution / evidence,Source references,Last reviewed
COH-001,Open,Pier,Right bearing-row offset,Model right row is +10.14 in; journal is +10.50 in. Difference is 0.36 in. Left row agrees at -10.50 in.,"Choose the intended offset, then reconcile the model/journal and affected load transfers.",,,,,"PIER-XML; JOURNAL; coherence/evidence/pier_review_2026-10-09.xlsx, item 02",2026-10-09
COH-002,Open,Pier,U-bar / pile conflicts,Report R2/R4/R6/R8 U-bars intersect pile-clearance envelopes. End-bent hook direction has not been applied to the pier.,"Provide or develop the pier hook detail and check clearance, development and anchorage.",,,,,"PIER-REPORT; coherence/evidence/pier_review_2026-10-09.xlsx, item 03",2026-10-09
COH-003,Open,Pier,Longitudinal tension reference,"Historical report reference: required 4.287 in2; credited 3.080 in2; shortfall 1.207 in2. This is a reference check, not an established actual-cage failure.",Evaluate the actual cage/load path or document the disposition of the reference check.,,,,,"PIER-REPORT; coherence/evidence/pier_review_2026-10-09.xlsx, item 04",2026-10-09
COH-004,Open,Pier,Complete model load comparison,"Exact XML identity is established. Full wind, below-pad weights, transfer moments, combinations and convergence remain unverified against the current journal.",Compare the adopted load inputs and document any corrections and required rerun.,,,,,"PIER-XML; JOURNAL; coherence/evidence/pier_review_2026-10-09.xlsx, item 05",2026-10-09
COH-005,Open,Pier,Wind and wall geometry,"Cap length is 230 in; retained wind face is 231 in. Wall, fin and crash-wall dimensions may represent different envelopes.",Establish the wall/wind dimensions and update only the affected loads and quantities.,,,,,"JOURNAL; coherence/evidence/pier_review_2026-10-09.xlsx, item 06",2026-10-09
COH-006,Open,Journal,Historical quantity sketches,The quantity sheet retains earlier three-beam / 19-ft-3-in sketches. Live cap quantity is 230 ft3.,Update or explicitly label the historical sketches without changing current calculation records.,,,,,"JOURNAL; coherence/evidence/pier_review_2026-10-09.xlsx, item 06",2026-10-09
COH-007,Open,Pier,Remaining design checks,"Historical report has 48 pending/conditional checks. Service III is already N/A by recorded direction. Other detail, fatigue, load-path and omitted-action checks remain open.",Separate the remaining checks into actionable items and document applicable criteria and completion evidence.,,,,,"PIER-REPORT; coherence/evidence/pier_review_2026-10-09.xlsx, item 07",2026-10-09
COH-008,Open,Pier,Spacing and fabrication takeoff,"Adjacent-run clearance is 2.00 in, equal to the entered minimum. The gross 1171.89-lb steel estimate omits laps, closures, undrawn anchorage and waste.",Confirm tolerance/spacing allowance and complete the fabrication takeoff if required.,,,,,"PIER-REPORT; coherence/evidence/pier_review_2026-10-09.xlsx, item 08",2026-10-09
COH-009,Open,Journal,Three reference links,Three inherited LoadCombinations links remain unresolved: CodePage42 twice and CodePage14 once. The prior 110 stored errors were removed with retired modules.,Identify and repair the intended references through the existing journal workflow.,,,,,"JOURNAL; coherence/evidence/pier_review_2026-10-09.xlsx, item 09; coherence/evidence/end_bent_response_review.md",2026-10-09
COH-010,Deferred,End bents,Backwall and cheek-wall quantities,Final wall geometry and quantities were deferred. Cap-only quantities exclude walls.,"Supply final wall details, then reconcile quantities and dead loads.","Will address later — recorded user response, 8 October 2026.",,,,"JOURNAL; coherence/evidence/end_bent_response_review.md, item 02",2026-10-09
COH-011,Open,End bents,Revised U-bar hooks,"Field adjustment of interfering hooks is the recorded direction. Revised coordinates, clearance and anchorage verification have not been supplied.",Document the adjusted detail and verify clearance/development/anchorage.,"Field-bend interfering hooks for clearance — recorded user direction, 8 October 2026.",,,,"EB-REPORT; coherence/evidence/end_bent_response_review.md, item 06",2026-10-09
COH-012,Open,End bents,Remaining design checks,"Service III is already N/A. Fatigue, anchorage/development, D-regions, force zones, exposure/code basis and omitted-action checks remain separate.",Record a disposition and evidence for each applicable outstanding design check.,,,,,"EB-REPORT; coherence/evidence/end_bent_response_review.md, item 07",2026-10-09
COH-013,Awaiting source,End bents,Matching raw analysis export,"The report is adopted as the current source, but its exact analyzed XML is absent. The available same-named file has a different fingerprint.",Add the exact matching XML and its native input/run record. Expected hash is in source_register.csv.,,,,,EB-REPORT; EB-XML; coherence/evidence/end_bent_provenance.json,2026-10-09
COH-014,Open,End bents,Common controlling design basis,The user adopted the controlling End Bent 1 configuration for both ends. Independent End Bent 2 action verification remains outside the recorded review.,Document how End Bent 1 bounds the relevant End Bent 2 actions and conditions.,"Use the common controlling end-bent design — recorded user direction, 8 October 2026.",,,,"EB-REPORT; coherence/evidence/end_bent_response_review.md, item 08",2026-10-09
COH-015,Awaiting source,Superstructure,Mathcad companion data,The selected worksheets name PedestrianBridge2Beam_Span1.dat and PedestrianBridge2Beam_Span2.dat. Neither file was supplied.,Add the matching .dat files and verify the worksheets load the intended project inputs.,,,,,MCAD-S1; MCAD-S2; MCAD-DAT1; MCAD-DAT2,2026-10-09
COH-016,Awaiting source,Superstructure,PSBeam run packages,No native PSBeam runs or current output reports have been selected for either span.,"Add each span input/run file and matching output report, with software version and run date.",,,,,PSB-S1; PSB-S2,2026-10-09
COH-017,Open,Superstructure,Mathcad / project comparison,"The sheets are user-selected current. A full comparison of spans, bearing offsets, loads and reactions with the journal and geometry model has not been performed.",Recalculate with the companion data and compare inputs/outputs. Review the repeated 107.35-ft PSBeam narrative in the Span 2 sheet.,,,,,MCAD-S1; MCAD-S2; GEOMETRY; JOURNAL,2026-10-09
COH-018,Open,Geometry,Complete notebook comparison,"The notebook cites the 8 October journal for end-bent inputs. The journal now includes the 9 October pier update. Selected dimensions can be compared automatically; full elevations, offsets and dependencies need review.","Reconcile the complete saved geometry inputs and derived schedules with the current journal, documenting agreed conventions.",,,,,GEOMETRY; JOURNAL; ROADWAY,2026-10-09
